[sound:clip_001.mp3]<br>ヨナも一緒に行っちゃダメ	Can't Yona come along too?<br><br><b>Vocabulary:</b><br>• 一緒 (いっしょ) - together<br>• 行っちゃ (いっちゃ) - contraction of 行っては (to go)<br>• ダメ (だめ) - no good, not allowed<br><br><b>Grammar:</b><br>～ちゃダメ is a casual way to say 'must not' or 'can't' (from ～てはいけない)
[sound:clip_002.mp3]<br>今日は狩りをすることになると思うからやめておいた方がいいな	I think I'll end up hunting today, so you'd better stay home.<br><br><b>Vocabulary:</b><br>• 今日 (きょう) - today<br>• 狩り (かり) - hunting<br>• 思う (おもう) - to think<br>• やめておく (やめておく) - to refrain from, to not do<br>• 方がいい (ほうがいい) - had better, should<br><br><b>Grammar:</b><br>～ことになる indicates something that will come about/be decided
[sound:clip_003.mp3]<br>帰りにまたヨナの好きそうな本を借りてきてやるから	I'll borrow a book you might like on my way back.<br><br><b>Vocabulary:</b><br>• 帰り (かえり) - on the way back, return<br>• また (また) - again<br>• 好き (すき) - to like<br>• 本 (ほん) - book<br>• 借りる (かりる) - to borrow<br>• ～てくる (てくる) - to go and come back (with something)<br><br><b>Grammar:</b><br>～てやる is casual for doing something for someone (usually younger/lower status); ～そうな means 'seems like, looks like'
[sound:clip_004.mp3]<br>ありがとうヨナ待ってる	Thank you! Yona will be waiting!<br><br><b>Vocabulary:</b><br>• ありがとう (ありがとう) - thank you<br>• 待つ (まつ) - to wait<br>• 待ってる (まってる) - waiting (contraction of 待っている)
[sound:clip_005.mp3]<br>じゃあ行ってくるよ	Alright, I'm heading out.<br><br><b>Vocabulary:</b><br>• じゃあ (じゃあ) - well then, alright<br>• 行ってくる (いってくる) - to go and come back<br><br><b>Grammar:</b><br>行ってくる is the standard phrase when leaving home (implying you'll return)
[sound:clip_006.mp3]<br>ホポルさんのいる図書館に行かなきゃ	I need to go to the library where Popola is.<br><br><b>Vocabulary:</b><br>• いる (いる) - to be (for people/animals)<br>• 図書館 (としょかん) - library<br>• 行く (いく) - to go<br>• ～なきゃ (なきゃ) - must, have to (casual)<br><br><b>Grammar:</b><br>～なきゃ is casual contraction of ～なければならない (must do)
[sound:clip_007.mp3]<br>おはよう / 最近ヨナちゃんの調子はどう?	Good morning. / How has Yona been doing lately?<br><br><b>Vocabulary:</b><br>• おはよう (おはよう) - good morning (casual)<br>• 最近 (さいきん) - recently, lately<br>• 調子 (ちょうし) - condition, state<br>• どう (どう) - how
[sound:clip_008.mp3]<br>相変わらず席が止まらないんです / そう心配ね	Her coughing still won't stop. / I see, that's worrying.<br><br><b>Vocabulary:</b><br>• 相変わらず (あいかわらず) - as always, still, as usual<br>• 咳 (せき) - cough (transcribed as 席)<br>• 止まる (とまる) - to stop<br>• 心配 (しんぱい) - worry, concern<br><br><b>Grammar:</b><br>～んです adds explanation/emphasis. Note: 席 is a transcription error for 咳 (cough)
[sound:clip_009.mp3]<br>少しでもヨナが元気になればいいんだけど	I just wish Yona could get even a little better...<br><br><b>Vocabulary:</b><br>• 少し (すこし) - a little<br>• 少しでも (すこしでも) - even a little, even slightly<br>• 元気 (げんき) - healthy, energetic, well<br>• なる (なる) - to become<br><br><b>Grammar:</b><br>～ばいいんだけど expresses a wish that may be difficult to fulfill
[sound:clip_010.mp3]<br>僕には何もできない / そんなことないわ	There's nothing I can do... / That's not true.<br><br><b>Vocabulary:</b><br>• 僕 (ぼく) - I (male, casual)<br>• 何も (なにも) - nothing (with negative verb)<br>• できる (できる) - can do, to be able to<br>• そんなこと (そんなこと) - such a thing, that<br><br><b>Grammar:</b><br>そんなことない is used to deny/refute what someone said
[sound:clip_011.mp3]<br>あなたは立派なお兄ちゃんよ / そうだ	You're a wonderful big brother. / Oh, that's right.<br><br><b>Vocabulary:</b><br>• あなた (あなた) - you<br>• 立派 (りっぱ) - splendid, admirable, fine<br>• お兄ちゃん (おにいちゃん) - big brother (affectionate)<br>• そうだ (そうだ) - that's right, oh yes
[sound:clip_012.mp3]<br>今日はこれを頼みたいんだけれど / 商店街から仕事の依頼があったの	I'd like to ask you something today. / There's a job request from the shopping district.<br><br><b>Vocabulary:</b><br>• これ (これ) - this<br>• 頼む (たのむ) - to request, to ask<br>• 商店街 (しょうてんがい) - shopping district/street<br>• 仕事 (しごと) - job, work<br>• 依頼 (いらい) - request, commission<br><br><b>Grammar:</b><br>～たいんだけれど is a polite way to express wanting to ask something
[sound:clip_013.mp3]<br>北平原の羊から肉を取ってきてほしいそうよ / わかったすぐ行くよ	They want you to get meat from the sheep in the Northern Plains. / Got it, I'll go right away.<br><br><b>Vocabulary:</b><br>• 北平原 (きたへいげん) - Northern Plains<br>• 羊 (ひつじ) - sheep<br>• 肉 (にく) - meat<br>• 取る (とる) - to take, to get<br>• わかった (わかった) - understood, got it<br>• すぐ (すぐ) - immediately, right away<br><br><b>Grammar:</b><br>～てほしい expresses wanting someone to do something; ～そうよ is feminine hearsay
[sound:clip_014.mp3]<br>北平原に行くなら地図を持って行って	If you're going to the Northern Plains, take a map with you.<br><br><b>Vocabulary:</b><br>• 地図 (ちず) - map<br>• 持つ (もつ) - to hold, to have<br>• 持っていく (もっていく) - to take (with you)<br><br><b>Grammar:</b><br>～なら is a conditional meaning 'if (that's the case)'
[sound:clip_015.mp3]<br>必ず役に立つわ	It will definitely be useful.<br><br><b>Vocabulary:</b><br>• 必ず (かならず) - definitely, certainly, always<br>• 役に立つ (やくにたつ) - to be useful, to be helpful
[sound:clip_016.mp3]<br>それから / ついでに依頼の人から薬草を3個買ってきてもらえる	Also... / While you're at it, could you buy 3 medicinal herbs from the requester?<br><br><b>Vocabulary:</b><br>• それから (それから) - and then, also<br>• ついでに (ついでに) - while you're at it, incidentally<br>• 依頼 (いらい) - request, commission<br>• 薬草 (やくそう) - medicinal herb<br>• 3個 (さんこ) - 3 items<br>• 買う (かう) - to buy<br><br><b>Grammar:</b><br>～てもらえる is a polite request form (could you do... for me?)
[sound:clip_017.mp3]<br>ちょうど切らしちゃって	We just ran out.<br><br><b>Vocabulary:</b><br>• ちょうど (ちょうど) - just, exactly<br>• 切らす (きらす) - to run out of, to be out of stock<br><br><b>Grammar:</b><br>～ちゃって is casual form of ～てしまって (unfortunately did, regrettably)
[sound:clip_018.mp3]<br>はいこれがお金よ	Here, this is the money.<br><br><b>Vocabulary:</b><br>• はい (はい) - here (when handing something)<br>• お金 (おかね) - money
[sound:clip_019.mp3]<br>こんなにいっぱいお金が余っちゃうよ	This is way too much money, there'll be a lot left over!<br><br><b>Vocabulary:</b><br>• こんなに (こんなに) - this much, so much<br>• いっぱい (いっぱい) - a lot, full, many<br>• お金 (おかね) - money<br>• 余る (あまる) - to be left over, to remain<br>• ～ちゃう (ちゃう) - casual form of ～てしまう (end up doing)
[sound:clip_020.mp3]<br>余ったらヨナちゃんへの薬草でも買ってあげなさい	If there's any left over, buy some herbs for Yona.<br><br><b>Vocabulary:</b><br>• 余る (あまる) - to be left over<br>• 薬草 (やくそう) - medicinal herb<br>• ～でも (でも) - or something, even<br>• 買ってあげる (かってあげる) - to buy for someone<br><br><b>Grammar:</b><br>～てあげなさい is a gentle command to do something for someone; ～たら is conditional (if)
[sound:clip_021.mp3]<br>それは	That's...<br><br><b>Vocabulary:</b><br>• それ (それ) - that
[sound:clip_022.mp3]<br>お願いね	Please do.<br><br><b>Vocabulary:</b><br>• お願い (おねがい) - request, please<br><br><b>Grammar:</b><br>お願いね is a soft/feminine way to say please
[sound:clip_023.mp3]<br>いつもありがとうポポルさん	Thank you as always, Popola.<br><br><b>Vocabulary:</b><br>• いつも (いつも) - always<br>• ありがとう (ありがとう) - thank you
[sound:clip_024.mp3]<br>急にどうしたの / 身寄りのない僕ら兄弟を気にかけてくれて	What's this all of a sudden? / For looking after us siblings who have no family.<br><br><b>Vocabulary:</b><br>• 急に (きゅうに) - suddenly<br>• どうしたの (どうしたの) - what's wrong?, what happened?<br>• 身寄り (みより) - relatives, family<br>• 僕ら (ぼくら) - we, us (male casual)<br>• 兄弟 (きょうだい) - siblings<br>• 気にかける (きにかける) - to care about, to worry about<br>• ～てくれる (てくれる) - to do (something) for me/us<br><br><b>Grammar:</b><br>身寄りのない means 'without relatives/family'
[sound:clip_025.mp3]<br>僕らポポルさんや村の人にはとても感謝してるんです	We're very grateful to you and the villagers, Popola.<br><br><b>Vocabulary:</b><br>• 村 (むら) - village<br>• 人 (ひと) - person, people<br>• とても (とても) - very<br>• 感謝 (かんしゃ) - gratitude, appreciation<br>• ～してる (してる) - doing (contraction of している)
[sound:clip_026.mp3]<br>困った時はお互い様よ	We help each other in times of trouble.<br><br><b>Vocabulary:</b><br>• 困る (こまる) - to be troubled, to be in difficulty<br>• 困った時 (こまったとき) - when in trouble<br>• お互い様 (おたがいさま) - we're in the same boat, mutual, it works both ways<br><br><b>Grammar:</b><br>お互い様 is a set phrase meaning 'it's mutual' or 'we help each other'
[sound:clip_027.mp3]<br>みんな早くヨナちゃんの元気な姿が見たいのよ	Everyone wants to see Yona healthy again soon.<br><br><b>Vocabulary:</b><br>• みんな (みんな) - everyone<br>• 早く (はやく) - soon, quickly<br>• 元気 (げんき) - healthy, energetic<br>• 姿 (すがた) - figure, appearance, form<br>• 見たい (みたい) - want to see
[sound:clip_028.mp3]<br>だから頑張ってねお兄ちゃん	So hang in there, big brother.<br><br><b>Vocabulary:</b><br>• だから (だから) - so, therefore<br>• 頑張る (がんばる) - to do one's best, to hang in there<br>• 頑張って (がんばって) - hang in there, good luck, do your best<br>• お兄ちゃん (おにいちゃん) - big brother
[sound:clip_029.mp3]<br>うんわかった	Yeah, got it.<br><br><b>Vocabulary:</b><br>• うん (うん) - yeah (casual)<br>• わかった (わかった) - understood, got it
[sound:clip_030.mp3]<br>ヨナ / あ、お兄ちゃん / ダメじゃないか、ちゃんと家で寝てなきゃ	Yona! / Oh, big brother! / You shouldn't be out here, you need to stay home and rest!<br><br><b>Vocabulary:</b><br>• ダメ (だめ) - no good, not allowed<br>• ちゃんと (ちゃんと) - properly<br>• 家 (いえ) - house, home<br>• 寝る (ねる) - to sleep, to lie down<br>• ～なきゃ (なきゃ) - must (casual)<br><br><b>Grammar:</b><br>ダメじゃないか is a mild scolding expression (isn't it no good?)
[sound:clip_031.mp3]<br>ほら、服のリボンもほどけてるぞ	Look, your ribbon has come undone too.<br><br><b>Vocabulary:</b><br>• ほら (ほら) - look, see<br>• 服 (ふく) - clothes<br>• リボン (りぼん) - ribbon<br>• ほどける (ほどける) - to come undone, to unravel<br><br><b>Grammar:</b><br>～てるぞ is masculine casual for ～ている (ongoing state)
[sound:clip_032.mp3]<br>ごめんなさい	I'm sorry.<br><br><b>Vocabulary:</b><br>• ごめんなさい (ごめんなさい) - I'm sorry
[sound:clip_033.mp3]<br>でもヨナね、病気を早く治す方法を探してたの	But Yona was looking for a way to get better quickly.<br><br><b>Vocabulary:</b><br>• でも (でも) - but<br>• 病気 (びょうき) - illness, sickness<br>• 早く (はやく) - quickly, soon<br>• 治す (なおす) - to cure, to heal<br>• 方法 (ほうほう) - method, way<br>• 探す (さがす) - to search for, to look for<br>• ～てた (てた) - was doing (casual past progressive)
[sound:clip_034.mp3]<br>ヨナ、大丈夫、ヨナは心配しなくてもいいんだよ	Yona, it's okay. You don't need to worry.<br><br><b>Vocabulary:</b><br>• 大丈夫 (だいじょうぶ) - alright, okay, fine<br>• 心配 (しんぱい) - worry<br>• 心配する (しんぱいする) - to worry<br><br><b>Grammar:</b><br>～なくてもいい means 'don't have to', 'no need to'
[sound:clip_035.mp3]<br>いっぱい食べてよく寝たら、ちゃんとよくなるから / 本当?	If you eat lots and sleep well, you'll definitely get better. / Really?<br><br><b>Vocabulary:</b><br>• いっぱい (いっぱい) - a lot, lots<br>• 食べる (たべる) - to eat<br>• よく (よく) - well<br>• 寝る (ねる) - to sleep<br>• ちゃんと (ちゃんと) - properly, certainly<br>• よくなる (よくなる) - to get better<br>• 本当 (ほんとう) - really, truly<br><br><b>Grammar:</b><br>～たら is a conditional (if/when)
[sound:clip_036.mp3]<br>もちろん / それじゃあお兄ちゃんは仕事に行くから	Of course. / Well then, big brother has to go to work.<br><br><b>Vocabulary:</b><br>• もちろん (もちろん) - of course<br>• それじゃあ (それじゃあ) - well then<br>• 仕事 (しごと) - work, job<br>• 行く (いく) - to go
[sound:clip_037.mp3]<br>おとなしく家に帰るんだぞ	Be good and go home, okay?<br><br><b>Vocabulary:</b><br>• おとなしく (おとなしく) - obediently, quietly, like a good child<br>• 家 (いえ) - home<br>• 帰る (かえる) - to return, to go home<br><br><b>Grammar:</b><br>～んだぞ is a masculine emphatic command/instruction
[sound:clip_038.mp3]<br>今減り続ける人口と / 蔓延する奇病が / 世界を悩ませているらしい	The continuously declining population / and the spreading strange disease / seem to be plaguing the world.<br><br><b>Vocabulary:</b><br>• 今 (いま) - now<br>• 減る (へる) - to decrease, to decline<br>• 続ける (つづける) - to continue<br>• 人口 (じんこう) - population<br>• 蔓延 (まんえん) - spread (of disease), epidemic<br>• 奇病 (きびょう) - strange/mysterious disease<br>• 世界 (せかい) - world<br>• 悩ませる (なやませる) - to trouble, to plague<br><br><b>Grammar:</b><br>～続ける means 'to continue to ~'; ～らしい indicates hearsay (I hear that)
[sound:clip_039.mp3]<br>魔物と呼ばれる黒い化け物も / 人々の生活を脅かすようになってきた	Black monsters called 'Shades' / have also started threatening people's lives.<br><br><b>Vocabulary:</b><br>• 魔物 (まもの) - demon, monster (Shade)<br>• 呼ばれる (よばれる) - to be called<br>• 黒い (くろい) - black<br>• 化け物 (ばけもの) - monster<br>• 人々 (ひとびと) - people<br>• 生活 (せいかつ) - life, livelihood<br>• 脅かす (おびやかす) - to threaten<br><br><b>Grammar:</b><br>～ようになってきた means 'has come to ~', 'has started to ~' (gradual change)
[sound:clip_040.mp3]<br>でも僕にとって気がかりなことはただ一つ	But for me, there's only one thing that worries me.<br><br><b>Vocabulary:</b><br>• でも (でも) - but<br>• 僕 (ぼく) - I (male)<br>• 気がかり (きがかり) - worry, concern, anxiety<br>• こと (こと) - thing, matter<br>• ただ (ただ) - only, just<br>• 一つ (ひとつ) - one<br><br><b>Grammar:</b><br>～にとって means 'for (someone)', 'from (someone's) perspective'
[sound:clip_041.mp3]<br>妹のヨナと一緒に / 今日をちゃんと生き延びられるかどうか	Whether my sister Yona and I / can properly survive another day.<br><br><b>Vocabulary:</b><br>• 妹 (いもうと) - younger sister<br>• 一緒に (いっしょに) - together<br>• 今日 (きょう) - today<br>• ちゃんと (ちゃんと) - properly<br>• 生き延びる (いきのびる) - to survive<br>• ～られる (られる) - can, able to (potential)<br><br><b>Grammar:</b><br>～かどうか means 'whether or not'
[sound:clip_042.mp3]<br>子供だけで生きていくのは色々大変だけど	Living as just children is hard in many ways, but...<br><br><b>Vocabulary:</b><br>• 子供 (こども) - child/children<br>• だけ (だけ) - only, just<br>• 生きていく (いきていく) - to go on living, to make a living<br>• 色々 (いろいろ) - various, many ways<br>• 大変 (たいへん) - difficult, tough, hard
[sound:clip_043.mp3]<br>優しい人の多いこの村でなら / なんとかやっていける気がする	In this village with so many kind people / I feel like we can somehow manage.<br><br><b>Vocabulary:</b><br>• 優しい (やさしい) - kind, gentle<br>• 人 (ひと) - person, people<br>• 多い (おおい) - many<br>• 村 (むら) - village<br>• なんとか (なんとか) - somehow, one way or another<br>• やっていく (やっていく) - to get by, to manage<br>• 気がする (きがする) - to feel like, to have a feeling<br><br><b>Grammar:</b><br>～気がする means 'I feel like ~', 'I have a sense that ~'
[sound:clip_044.mp3]<br>いややっていかなくちゃならないんだ / 世のためにも	No, we have to make it work. / For Yona's sake too.<br><br><b>Vocabulary:</b><br>• いや (いや) - no, well (self-correction)<br>• やっていく (やっていく) - to get by, to manage<br>• ため (ため) - sake, benefit<br><br><b>Grammar:</b><br>～なくちゃならない means 'must do'. Note: 世 may be mistranscription of ヨナ
[sound:clip_045.mp3]<br>羊の肉は集まったし村に戻ろう	I've gathered the sheep meat, let's head back to the village.<br><br><b>Vocabulary:</b><br>• 羊 (ひつじ) - sheep<br>• 肉 (にく) - meat<br>• 集まる (あつまる) - to gather, to collect<br>• 村 (むら) - village<br>• 戻る (もどる) - to return, to go back<br><br><b>Grammar:</b><br>～し indicates a reason (since...); ～よう is volitional (let's)
[sound:clip_046.mp3]<br>さあ魔物がこんなところにも	Whoa, there are Shades even in a place like this!<br><br><b>Vocabulary:</b><br>• さあ (さあ) - whoa, wow (surprise)<br>• 魔物 (まもの) - Shade, monster<br>• こんな (こんな) - like this, such<br>• ところ (ところ) - place<br><br><b>Grammar:</b><br>～にも means 'even in/at'
[sound:clip_047.mp3]<br>魔物が村のこんな近くに現れるなんて	I can't believe Shades appeared so close to the village...<br><br><b>Vocabulary:</b><br>• 魔物 (まもの) - Shade, monster<br>• 村 (むら) - village<br>• 近く (ちかく) - nearby, close<br>• 現れる (あらわれる) - to appear<br><br><b>Grammar:</b><br>～なんて expresses surprise or disbelief
[sound:clip_048.mp3]<br>安心して帰りにも行けないな / お店の人に肉を届けに行かないと	Can't even go home in peace... / I need to deliver the meat to the shop.<br><br><b>Vocabulary:</b><br>• 安心 (あんしん) - peace of mind, relief<br>• 安心して (あんしんして) - with peace of mind<br>• 帰り (かえり) - return, way home<br>• 行く (いく) - to go<br>• お店 (おみせ) - shop, store<br>• 届ける (とどける) - to deliver<br><br><b>Grammar:</b><br>～ないと is short for ～ないといけない (must do)
[sound:clip_049.mp3]<br>羊の肉集めてきたよ / 助かったよ	I've gathered the sheep meat. / That's a big help!<br><br><b>Vocabulary:</b><br>• 羊 (ひつじ) - sheep<br>• 肉 (にく) - meat<br>• 集める (あつめる) - to collect, to gather<br>• ～てくる (てくる) - to go and do (and come back)<br>• 助かる (たすかる) - to be saved, to be helped<br><br><b>Grammar:</b><br>助かった is a common way to thank someone for help
[sound:clip_050.mp3]<br>偶然の羊肉ブームでね / これ少ないけど取っておいてくれ	There's been a sudden mutton boom. / Here, it's not much, but keep this.<br><br><b>Vocabulary:</b><br>• 偶然 (ぐうぜん) - coincidence, by chance, sudden<br>• 羊肉 (ようにく) - mutton, lamb meat<br>• ブーム (ぶーむ) - boom, trend<br>• 少ない (すくない) - few, little, not much<br>• 取っておく (とっておく) - to keep, to save, to set aside
[sound:clip_051.mp3]<br>あとポポルさんにもお礼を伝えておいてくれるから	Also, please pass my thanks to Popola.<br><br><b>Vocabulary:</b><br>• あと (あと) - also, and<br>• お礼 (おれい) - thanks, gratitude<br>• 伝える (つたえる) - to convey, to tell, to pass on<br><br><b>Grammar:</b><br>～ておく means 'to do in advance/preparation'
[sound:clip_052.mp3]<br>うん伝えておくね	Sure, I'll let her know.<br><br><b>Vocabulary:</b><br>• うん (うん) - yeah (casual)<br>• 伝える (つたえる) - to tell, to convey<br><br><b>Grammar:</b><br>～ておく means 'to do in advance/preparation'
[sound:clip_053.mp3]<br>確かポポルさんは薬草を3つ欲しいって言ってたっけ	I think Popola said she wanted 3 medicinal herbs...<br><br><b>Vocabulary:</b><br>• 確か (たしか) - if I remember correctly, I think<br>• 薬草 (やくそう) - medicinal herb<br>• 3つ (みっつ) - three<br>• 欲しい (ほしい) - want<br>• 言う (いう) - to say<br><br><b>Grammar:</b><br>～っけ indicates trying to recall something
[sound:clip_054.mp3]<br>羊の肉届けてきたよ / あと薬草を3つだったね	I've delivered the sheep meat. / And it was 3 herbs, right?<br><br><b>Vocabulary:</b><br>• 届ける (とどける) - to deliver<br>• ～てくる (てくる) - to go do something (and return)<br>• あと (あと) - and, also<br>• 薬草 (やくそう) - medicinal herb
[sound:clip_055.mp3]<br>よかったわ / これで少しは食料不足も抑えられるでしょう	That's great. / This should help ease the food shortage a bit.<br><br><b>Vocabulary:</b><br>• よかった (よかった) - good, that's great, I'm glad<br>• これで (これで) - with this<br>• 少し (すこし) - a little, a bit<br>• 食料不足 (しょくりょうぶそく) - food shortage<br>• 抑える (おさえる) - to suppress, to ease, to hold down<br>• でしょう (でしょう) - probably, I expect
[sound:clip_056.mp3]<br>薬草も助かったわ / ありがとう	The herbs are a big help too. / Thank you.<br><br><b>Vocabulary:</b><br>• 薬草 (やくそう) - medicinal herb<br>• 助かる (たすかる) - to be a help, to be saved<br>• ありがとう (ありがとう) - thank you
[sound:clip_057.mp3]<br>今日のお仕事はこれでおしまいです / お疲れ様	That's all for today's work. / Good job.<br><br><b>Vocabulary:</b><br>• 今日 (きょう) - today<br>• お仕事 (おしごと) - work (polite)<br>• これで (これで) - with this<br>• おしまい (おしまい) - the end, finished<br>• お疲れ様 (おつかれさま) - good work, thanks for your effort
[sound:clip_058.mp3]<br>ヨナちゃんのためにも早く帰ってあげて	Go home early for Yona's sake too.<br><br><b>Vocabulary:</b><br>• ため (ため) - sake, benefit<br>• 早く (はやく) - early, quickly<br>• 帰る (かえる) - to return home<br>• ～てあげる (てあげる) - to do something for someone<br><br><b>Grammar:</b><br>～のために means 'for the sake of'
[sound:clip_059.mp3]<br>ありがとう / ことあった 外の世界な	Thank you. / [Transcription unclear]<br><br><b>Vocabulary:</b><br>• ありがとう (ありがとう) - thank you<br>• 外 (そと) - outside<br>• 世界 (せかい) - world<br><br><b>Grammar:</b><br>Note: Second part appears to be a transcription error
[sound:clip_060.mp3]<br>なしない	[Transcription unclear]<br><br><b>Grammar:</b><br>Note: Appears to be a transcription error
[sound:clip_061.mp3]<br>今日もちゃんと方を読んで待ってたんだけど 全部	I was reading books properly while waiting today too, and...<br><br><b>Vocabulary:</b><br>• 今日 (きょう) - today<br>• ちゃんと (ちゃんと) - properly<br>• 本 (ほん) - book (transcribed as 方)<br>• 読む (よむ) - to read<br>• 待つ (まつ) - to wait<br>• 全部 (ぜんぶ) - all, everything<br><br><b>Grammar:</b><br>Note: 方 likely should be 本 (book)
[sound:clip_062.mp3]<br>読んじゃっ a とねー	I read them all!<br><br><b>Vocabulary:</b><br>• 読む (よむ) - to read<br>• ～ちゃった (ちゃった) - did completely (casual past of ～てしまった)<br><br><b>Grammar:</b><br>Note: Transcription error, likely 読んじゃったのね (You read them all, huh)
[sound:clip_063.mp3]<br>あ、そうだ。昨日ポポルさんに月の涙の伝説を聞いたよ。	Oh, that's right. Yesterday I heard about the Lunar Tear legend from Popola.<br><br><b>Vocabulary:</b><br>• そうだ (そうだ) - that's right, oh yes<br>• 昨日 (きのう) - yesterday<br>• 月の涙 (つきのなみだ) - Lunar Tear (flower name)<br>• 伝説 (でんせつ) - legend<br>• 聞く (きく) - to hear, to listen
[sound:clip_064.mp3]<br>月の涙?それ、何?	Lunar Tear? What's that?<br><br><b>Vocabulary:</b><br>• 月の涙 (つきのなみだ) - Lunar Tear<br>• それ (それ) - that<br>• 何 (なに) - what
[sound:clip_065.mp3]<br>花の名前だよ。その花を見つけるとお金持ちになれるんだってさ。	It's a flower's name. They say if you find it, you'll become rich.<br><br><b>Vocabulary:</b><br>• 花 (はな) - flower<br>• 名前 (なまえ) - name<br>• 見つける (みつける) - to find<br>• お金持ち (おかねもち) - rich person, wealthy<br>• なれる (なれる) - can become<br><br><b>Grammar:</b><br>～んだって is casual hearsay (they say that); ～さ adds casual assertion
[sound:clip_066.mp3]<br>月の涙を見つけたら、ヨナの好きなものを何でもお腹いっぱい食べさせてあげる。	If I find a Lunar Tear, I'll let Yona eat as much of whatever she wants.<br><br><b>Vocabulary:</b><br>• 見つける (みつける) - to find<br>• 好きなもの (すきなもの) - things one likes, favorite things<br>• 何でも (なんでも) - anything, whatever<br>• お腹いっぱい (おなかいっぱい) - full stomach, until full<br>• 食べさせる (たべさせる) - to let/make someone eat<br><br><b>Grammar:</b><br>～させてあげる is causative + giving (let someone do for their benefit); ～たら is conditional (if)
[sound:clip_067.mp3]<br>ヨナ、病気が治るお薬が欲しいな。	Yona wants medicine that will cure her sickness.<br><br><b>Vocabulary:</b><br>• 病気 (びょうき) - illness, sickness<br>• 治る (なおる) - to be cured, to heal<br>• お薬 (おくすり) - medicine (polite)<br>• 欲しい (ほしい) - want
[sound:clip_068.mp3]<br>うん、どんな病気だって治す薬も変えるよ	Yeah, we could even buy medicine that cures any illness.<br><br><b>Vocabulary:</b><br>• うん (うん) - yeah<br>• どんな (どんな) - any kind of, what kind of<br>• 病気 (びょうき) - illness<br>• 治す (なおす) - to cure<br>• 薬 (くすり) - medicine<br>• 買える (かえる) - can buy (transcribed as 変える)<br><br><b>Grammar:</b><br>～だって means 'even'; Note: 変える likely should be 買える (can buy)
[sound:clip_069.mp3]<br>ヨナ、どうかした? / うん、なんでもない	Yona, what's wrong? / Nothing, it's nothing.<br><br><b>Vocabulary:</b><br>• どうかした (どうかした) - what's wrong?, what happened?<br>• うん (うん) - uh-huh, yeah<br>• なんでもない (なんでもない) - it's nothing
[sound:clip_070.mp3]<br>おやすみなさい	Good night.<br><br><b>Vocabulary:</b><br>• おやすみなさい (おやすみなさい) - good night
[sound:clip_071.mp3]<br>じゃあ今日もポポルさんのところに行ってくれよ	Alright, I'm off to Popola's place again today.<br><br><b>Vocabulary:</b><br>• じゃあ (じゃあ) - well then<br>• 今日 (きょう) - today<br>• ところ (ところ) - place<br>• 行ってくる (いってくる) - to go (and come back)<br><br><b>Grammar:</b><br>Note: Likely meant 行ってくるよ (I'm heading out)
[sound:clip_072.mp3]<br>今日はおとなしくしてるんだよ	Be good and stay put today, okay?<br><br><b>Vocabulary:</b><br>• 今日 (きょう) - today<br>• おとなしく (おとなしく) - quietly, obediently<br>• おとなしくする (おとなしくする) - to behave, to be quiet/good<br>• ～してる (してる) - be doing (contraction of している)<br><br><b>Grammar:</b><br>～んだよ is gentle emphasis/instruction
[sound:clip_073.mp3]<br>今日も何か手伝えることありますか	Is there anything I can help with today too?<br><br><b>Vocabulary:</b><br>• 今日 (きょう) - today<br>• 何か (なにか) - something<br>• 手伝う (てつだう) - to help<br>• 手伝える (てつだえる) - can help (potential form)<br>• こと (こと) - thing
[sound:clip_074.mp3]<br>あるにはあるんだけど	Well, there is something, but...<br><br><b>Vocabulary:</b><br>• ある (ある) - to exist, there is<br><br><b>Grammar:</b><br>～にはある is an emphatic construction meaning 'there certainly is, but...' (implying hesitation)
[sound:clip_075.mp3]<br>ちょっと大変なお仕事なのよ / 大丈夫任せて	It's a bit of a tough job... / No problem, leave it to me!<br><br><b>Vocabulary:</b><br>• ちょっと (ちょっと) - a little, a bit<br>• 大変 (たいへん) - tough, difficult<br>• お仕事 (おしごと) - work, job (polite)<br>• 大丈夫 (だいじょうぶ) - no problem, okay<br>• 任せる (まかせる) - to entrust, to leave to<br>• 任せて (まかせて) - leave it to me
[sound:clip_076.mp3]<br>本当に	Really?<br><br><b>Vocabulary:</b><br>• 本当に (ほんとうに) - really
[sound:clip_077.mp3]<br>北平原の橋が壊れているのは知っているかしら	Do you know that the bridge in the Northern Plains is broken?<br><br><b>Vocabulary:</b><br>• 北平原 (きたへいげん) - Northern Plains<br>• 橋 (はし) - bridge<br>• 壊れる (こわれる) - to break, to be broken<br>• 壊れている (こわれている) - is broken (state)<br>• 知る (しる) - to know<br>• 知っている (しっている) - to know (state)<br><br><b>Grammar:</b><br>～かしら is feminine wondering/questioning
[sound:clip_078.mp3]<br>うん柱が腐って落ちちゃったんだよね	Yeah, the pillars rotted and fell, right?<br><br><b>Vocabulary:</b><br>• うん (うん) - yeah<br>• 柱 (はしら) - pillar, post<br>• 腐る (くさる) - to rot, to decay<br>• 落ちる (おちる) - to fall<br>• ～ちゃった (ちゃった) - unfortunately did (casual ～てしまった)
[sound:clip_079.mp3]<br>その橋を大工職人さんたちが修理していたんだけど	The carpenters were repairing that bridge, but...<br><br><b>Vocabulary:</b><br>• その (その) - that<br>• 橋 (はし) - bridge<br>• 大工 (だいく) - carpenter<br>• 職人 (しょくにん) - craftsman, artisan<br>• 修理 (しゅうり) - repair<br>• 修理する (しゅうりする) - to repair
[sound:clip_080.mp3]<br>そこに運悪く魔物が現れたの	Unfortunately, Shades appeared there.<br><br><b>Vocabulary:</b><br>• そこ (そこ) - there<br>• 運悪く (うんわるく) - unfortunately, unluckily<br>• 魔物 (まもの) - Shade, monster<br>• 現れる (あらわれる) - to appear
[sound:clip_081.mp3]<br>えあんなところにも魔物が	What? Shades even in a place like that?<br><br><b>Vocabulary:</b><br>• え (え) - what?, huh?<br>• あんな (あんな) - that kind of, such<br>• ところ (ところ) - place<br>• 魔物 (まもの) - Shade, monster
[sound:clip_082.mp3]<br>え曇っていたから魔物も活動できたみたい	It seems the Shades could be active because it was cloudy.<br><br><b>Vocabulary:</b><br>• 曇る (くもる) - to become cloudy<br>• 曇っていた (くもっていた) - was cloudy<br>• 魔物 (まもの) - Shade, monster<br>• 活動 (かつどう) - activity<br>• 活動できる (かつどうできる) - can be active<br>• みたい (みたい) - it seems like<br><br><b>Grammar:</b><br>～みたい means 'it seems like'
[sound:clip_083.mp3]<br>そのうちの大工さんが一人大怪我しちゃったの	One of the carpenters got seriously injured.<br><br><b>Vocabulary:</b><br>• そのうち (そのうち) - among them<br>• 大工 (だいく) - carpenter<br>• 一人 (ひとり) - one person<br>• 大怪我 (おおけが) - serious injury<br>• ～しちゃった (しちゃった) - ended up doing (casual ～してしまった)
[sound:clip_084.mp3]<br>それでみんな身動きが取れなくて	So everyone is stuck and can't move.<br><br><b>Vocabulary:</b><br>• それで (それで) - so, because of that<br>• みんな (みんな) - everyone<br>• 身動き (みうごき) - movement<br>• 身動きが取れない (みうごきがとれない) - unable to move, stuck
[sound:clip_085.mp3]<br>僕が魔物を倒してきます	I'll go defeat the Shades.<br><br><b>Vocabulary:</b><br>• 僕 (ぼく) - I (male)<br>• 魔物 (まもの) - Shade, monster<br>• 倒す (たおす) - to defeat, to knock down<br>• ～てくる (てくる) - to go do and come back
[sound:clip_086.mp3]<br>でも危ないわ	But it's dangerous!<br><br><b>Vocabulary:</b><br>• でも (でも) - but<br>• 危ない (あぶない) - dangerous
[sound:clip_087.mp3]<br>大丈夫僕は剣の腕だって鍛えてるから	It's okay, I've been training my sword skills.<br><br><b>Vocabulary:</b><br>• 大丈夫 (だいじょうぶ) - okay, fine<br>• 僕 (ぼく) - I (male)<br>• 剣 (けん) - sword<br>• 腕 (うで) - arm; skill, ability<br>• 鍛える (きたえる) - to train, to forge<br>• ～てる (てる) - has been doing (contraction of ている)<br><br><b>Grammar:</b><br>～だって means 'even'
[sound:clip_088.mp3]<br>村の誰にも負けないくらい強いんです	I'm strong enough that I won't lose to anyone in the village.<br><br><b>Vocabulary:</b><br>• 村 (むら) - village<br>• 誰 (だれ) - who<br>• 誰にも (だれにも) - to anyone<br>• 負ける (まける) - to lose<br>• くらい (くらい) - to the extent that<br>• 強い (つよい) - strong<br><br><b>Grammar:</b><br>～くらい here means 'to the extent that'
[sound:clip_089.mp3]<br>昨日だって村の入り口にいた魔物を倒したんだ	Just yesterday I defeated a Shade at the village entrance.<br><br><b>Vocabulary:</b><br>• 昨日 (きのう) - yesterday<br>• だって (だって) - even<br>• 村 (むら) - village<br>• 入り口 (いりぐち) - entrance<br>• いた (いた) - was (past of いる)<br>• 魔物 (まもの) - Shade, monster<br>• 倒す (たおす) - to defeat<br><br><b>Grammar:</b><br>～だって means 'even' or emphasizes an example
[sound:clip_090.mp3]<br>そう本当に大丈夫なの / 任せといて	Really, will you be okay? / Leave it to me!<br><br><b>Vocabulary:</b><br>• そう (そう) - is that so<br>• 本当に (ほんとうに) - really<br>• 大丈夫 (だいじょうぶ) - okay<br>• 任せとく (まかせとく) - to leave it to (casual)<br>• 任せといて (まかせといて) - leave it to me (casual)<br><br><b>Grammar:</b><br>任せといて is casual form of 任せておいて
[sound:clip_091.mp3]<br>やっと片付いた	Finally finished.<br><br><b>Vocabulary:</b><br>• やっと (やっと) - finally, at last<br>• 片付く (かたづく) - to be put in order, to be finished, to be settled
[sound:clip_092.mp3]<br>これで当分は魔物も出てこないだろう	With this, the Shades probably won't appear for a while.<br><br><b>Vocabulary:</b><br>• これで (これで) - with this<br>• 当分 (とうぶん) - for a while, for the time being<br>• 魔物 (まもの) - Shade, monster<br>• 出てくる (でてくる) - to come out, to appear<br>• だろう (だろう) - probably<br><br><b>Grammar:</b><br>～だろう expresses probability
[sound:clip_093.mp3]<br>あ、おかえりなさい / ただいま	Oh, welcome back! / I'm home.<br><br><b>Vocabulary:</b><br>• おかえりなさい (おかえりなさい) - welcome back<br>• ただいま (ただいま) - I'm home
[sound:clip_094.mp3]<br>大丈夫?怪我はない? / 大丈夫だよ、ポポルさん	Are you okay? Are you hurt? / I'm fine, Popola.<br><br><b>Vocabulary:</b><br>• 大丈夫 (だいじょうぶ) - okay, fine<br>• 怪我 (けが) - injury<br>• ない (ない) - not exist, don't have
[sound:clip_095.mp3]<br>あなたが出た後すごく心配になって / やっぱり頼むんじゃなかったって	After you left I got really worried... / I thought maybe I shouldn't have asked you.<br><br><b>Vocabulary:</b><br>• あなた (あなた) - you<br>• 出る (でる) - to leave, to go out<br>• 後 (あと) - after<br>• すごく (すごく) - very, really<br>• 心配 (しんぱい) - worry<br>• 心配になる (しんぱいになる) - to become worried<br>• やっぱり (やっぱり) - as expected, after all<br>• 頼む (たのむ) - to ask, to request<br><br><b>Grammar:</b><br>～んじゃなかった expresses regret about having done something
[sound:clip_096.mp3]<br>平気だよポポルさんは心配性だな	I'm fine. You're such a worrywart, Popola.<br><br><b>Vocabulary:</b><br>• 平気 (へいき) - fine, okay, unfazed<br>• 心配性 (しんぱいしょう) - worrywart, tendency to worry
[sound:clip_097.mp3]<br>無事で本当によかった	I'm so glad you're safe.<br><br><b>Vocabulary:</b><br>• 無事 (ぶじ) - safe, unharmed<br>• 本当に (ほんとうに) - really, truly<br>• よかった (よかった) - was good, I'm glad
[sound:clip_098.mp3]<br>そうそう大工さんたちがあなたにお礼ですって	Oh yes, the carpenters wanted to thank you.<br><br><b>Vocabulary:</b><br>• そうそう (そうそう) - oh yes, that's right<br>• 大工 (だいく) - carpenter<br>• お礼 (おれい) - thanks, gratitude<br>• ～ですって (ですって) - they said (hearsay)<br><br><b>Grammar:</b><br>～ですって is casual hearsay (they said that)
[sound:clip_099.mp3]<br>ありがとう	Thank you.<br><br><b>Vocabulary:</b><br>• ありがとう (ありがとう) - thank you
[sound:clip_100.mp3]<br>これでヨナちゃんに美味しいものでも食べさせてあげて	Use this to get Yona something delicious to eat.<br><br><b>Vocabulary:</b><br>• これで (これで) - with this<br>• 美味しい (おいしい) - delicious<br>• もの (もの) - thing<br>• ～でも (でも) - or something<br>• 食べさせる (たべさせる) - to let/make someone eat<br>• ～てあげる (てあげる) - to do for someone
[sound:clip_101.mp3]<br>そうだ、ヨナちゃんって言えばお昼にここに来たわ	Oh right, speaking of Yona, she came here at noon.<br><br><b>Vocabulary:</b><br>• そうだ (そうだ) - oh right, that's right<br>• ～って言えば (っていえば) - speaking of<br>• お昼 (おひる) - noon, lunch<br>• ここ (ここ) - here<br>• 来る (くる) - to come<br><br><b>Grammar:</b><br>～って言えば means 'speaking of'
[sound:clip_102.mp3]<br>え?ちゃんと寝てろって言ったのに	What? I told her to stay in bed and rest!<br><br><b>Vocabulary:</b><br>• え (え) - what?, huh?<br>• ちゃんと (ちゃんと) - properly<br>• 寝る (ねる) - to sleep, to lie down<br>• 寝てろ (ねてろ) - stay in bed (casual command)<br>• 言う (いう) - to say<br><br><b>Grammar:</b><br>～のに expresses frustration that something happened despite expectations
[sound:clip_103.mp3]<br>まあまあ、なんだか私に聞きたいことがあったみたいよ	Now, now. It seems she had something she wanted to ask me.<br><br><b>Vocabulary:</b><br>• まあまあ (まあまあ) - now now, calm down<br>• なんだか (なんだか) - somehow, for some reason<br>• 私 (わたし) - I, me<br>• 聞く (きく) - to ask, to listen<br>• 聞きたい (ききたい) - want to ask<br>• こと (こと) - thing<br>• みたい (みたい) - it seems
[sound:clip_104.mp3]<br>聞きたいこと?	Something she wanted to ask?<br><br><b>Vocabulary:</b><br>• 聞きたい (ききたい) - want to ask<br>• こと (こと) - thing
[sound:clip_105.mp3]<br>外の世界の話を聞きたがってたわ	She wanted to hear about the outside world.<br><br><b>Vocabulary:</b><br>• 外 (そと) - outside<br>• 世界 (せかい) - world<br>• 話 (はなし) - story, talk<br>• 聞く (きく) - to hear, to listen<br>• ～たがる (たがる) - to want to (third person)<br><br><b>Grammar:</b><br>～たがる means 'to want to' when describing someone else's desire
[sound:clip_106.mp3]<br>村の外の? / そう、なんだか熱心に聞いてきて	Outside the village? / Yes, she was asking so earnestly.<br><br><b>Vocabulary:</b><br>• 村 (むら) - village<br>• 外 (そと) - outside<br>• そう (そう) - yes, that's right<br>• なんだか (なんだか) - somehow, for some reason<br>• 熱心 (ねっしん) - eager, enthusiastic, earnest<br>• 聞いてくる (きいてくる) - to come asking
[sound:clip_107.mp3]<br>また変な本を読んで、変な興味持ってないといいんだけど	I hope she hasn't been reading strange books and getting weird ideas again...<br><br><b>Vocabulary:</b><br>• また (また) - again<br>• 変 (へん) - strange, weird<br>• 変な (へんな) - strange (adjective form)<br>• 本 (ほん) - book<br>• 読む (よむ) - to read<br>• 興味 (きょうみ) - interest<br>• 持つ (もつ) - to have, to hold<br><br><b>Grammar:</b><br>～といいんだけど expresses hope with some uncertainty
[sound:clip_108.mp3]<br>もちろん、村の外に出ちゃいけないって言っておいたから、安心して	Of course, I told her she mustn't leave the village, so don't worry.<br><br><b>Vocabulary:</b><br>• もちろん (もちろん) - of course<br>• 村 (むら) - village<br>• 外 (そと) - outside<br>• 出る (でる) - to leave, to go out<br>• ～ちゃいけない (ちゃいけない) - must not (casual)<br>• 言っておく (いっておく) - to tell in advance<br>• 安心 (あんしん) - relief, peace of mind<br>• 安心して (あんしんして) - don't worry, be at ease<br><br><b>Grammar:</b><br>～ちゃいけない means 'must not' (casual form of ～てはいけない)
[sound:clip_109.mp3]<br>よかった	That's a relief.<br><br><b>Vocabulary:</b><br>• よかった (よかった) - I'm glad, that's good, that's a relief
[sound:clip_110.mp3]<br>早く帰ってあげて、ヨナちゃんも心配しているわ	Go home soon. Yona is worried about you too.<br><br><b>Vocabulary:</b><br>• 早く (はやく) - soon, quickly<br>• 帰る (かえる) - to return home<br>• ～てあげる (てあげる) - to do for someone<br>• 心配する (しんぱいする) - to worry<br>• 心配している (しんぱいしている) - is worrying
[sound:clip_111.mp3]<br>うん、ありがとう	Yeah, thanks.<br><br><b>Vocabulary:</b><br>• うん (うん) - yeah<br>• ありがとう (ありがとう) - thank you
[sound:clip_112.mp3]<br>ヨナ?	Yona?
[sound:clip_113.mp3]<br>どこ行っちゃったんだろう / まだ図書館にいるのかな	Where did she go? / Maybe she's still at the library?<br><br><b>Vocabulary:</b><br>• どこ (どこ) - where<br>• 行く (いく) - to go<br>• ～ちゃった (ちゃった) - ended up (casual ～てしまった)<br>• ～んだろう (んだろう) - I wonder<br>• まだ (まだ) - still<br>• 図書館 (としょかん) - library<br>• いる (いる) - to be (for people)<br><br><b>Grammar:</b><br>～のかな is wondering to oneself
[sound:clip_114.mp3]<br>ここにはいないみたいだな / ポポルさんに聞いてみよう	She doesn't seem to be here. / Let me ask Popola.<br><br><b>Vocabulary:</b><br>• ここ (ここ) - here<br>• いない (いない) - not here, not present<br>• みたい (みたい) - it seems<br>• 聞く (きく) - to ask<br>• ～てみる (てみる) - to try doing<br><br><b>Grammar:</b><br>～てみよう means 'let me try doing'
[sound:clip_115.mp3]<br>ポポルさんヨナが家にいないんです	Popola, Yona isn't at home!<br><br><b>Vocabulary:</b><br>• 家 (いえ) - home, house<br>• いない (いない) - not there (for people)<br><br><b>Grammar:</b><br>～んです adds urgency/explanation
[sound:clip_116.mp3]<br>え?どうしたのかしら / 何か心当たりはないですか	What? I wonder what happened? / Do you have any idea where she might be?<br><br><b>Vocabulary:</b><br>• え (え) - what?, huh?<br>• どうしたの (どうしたの) - what happened?<br>• かしら (かしら) - I wonder (feminine)<br>• 何か (なにか) - something<br>• 心当たり (こころあたり) - idea, clue, inkling
[sound:clip_117.mp3]<br>お昼にここに来てからは見かけていないけど	I haven't seen her since she came here at noon...<br><br><b>Vocabulary:</b><br>• お昼 (おひる) - noon<br>• ここ (ここ) - here<br>• 来る (くる) - to come<br>• ～てから (てから) - since, after<br>• 見かける (みかける) - to see, to catch sight of<br>• 見かけていない (みかけていない) - haven't seen
[sound:clip_118.mp3]<br>その時何か言ってませんでしたか	Did she say anything at that time?<br><br><b>Vocabulary:</b><br>• その時 (そのとき) - at that time<br>• 何か (なにか) - something, anything<br>• 言う (いう) - to say
[sound:clip_119.mp3]<br>そうね	Let me think...<br><br><b>Vocabulary:</b><br>• そうね (そうね) - let me see, well (feminine)
[sound:clip_120.mp3]<br>月の涙が咲いている場所を聞かれたわ	She asked me where the Lunar Tears bloom.<br><br><b>Vocabulary:</b><br>• 月の涙 (つきのなみだ) - Lunar Tear<br>• 咲く (さく) - to bloom<br>• 咲いている (さいている) - is blooming<br>• 場所 (ばしょ) - place, location<br>• 聞かれる (きかれる) - to be asked (passive)
[sound:clip_121.mp3]<br>昔は石の神殿のあたりに咲いていたっていう話をしたんだけど	I told her that they used to bloom around the Shrine.<br><br><b>Vocabulary:</b><br>• 昔 (むかし) - long ago, in the past<br>• 石の神殿 (いしのしんでん) - Stone Shrine<br>• あたり (あたり) - around, vicinity<br>• 咲く (さく) - to bloom<br>• 咲いていた (さいていた) - was blooming, used to bloom<br>• 話 (はなし) - story, talk<br><br><b>Grammar:</b><br>～っていう話 means 'the story that ~'
[sound:clip_122.mp3]<br>月の涙の話を / ヨナが	The story about the Lunar Tear... / Yona...<br><br><b>Vocabulary:</b><br>• 月の涙 (つきのなみだ) - Lunar Tear<br>• 話 (はなし) - story
[sound:clip_123.mp3]<br>そんなまさか / どうしたの	No, it can't be... / What's wrong?<br><br><b>Vocabulary:</b><br>• そんな (そんな) - such, that kind of<br>• まさか (まさか) - no way, it can't be<br>• どうしたの (どうしたの) - what's wrong?
[sound:clip_124.mp3]<br>昨日月の涙を見つけるとお金持ちになれるって言い伝えの話をしたんです	Yesterday I told her about the legend that you'll become rich if you find a Lunar Tear.<br><br><b>Vocabulary:</b><br>• 昨日 (きのう) - yesterday<br>• 月の涙 (つきのなみだ) - Lunar Tear<br>• 見つける (みつける) - to find<br>• お金持ち (おかねもち) - rich person<br>• なれる (なれる) - can become<br>• 言い伝え (いいつたえ) - legend, tradition, folklore<br>• 話 (はなし) - story
[sound:clip_125.mp3]<br>え	What?<br><br><b>Vocabulary:</b><br>• え (え) - what?, huh?
[sound:clip_126.mp3]<br>それで何でも治す薬も買えるかって聞かれて	And then she asked if we could buy medicine that cures anything...<br><br><b>Vocabulary:</b><br>• それで (それで) - and then, so<br>• 何でも (なんでも) - anything<br>• 治す (なおす) - to cure<br>• 薬 (くすり) - medicine<br>• 買える (かえる) - can buy<br>• 聞かれる (きかれる) - to be asked (passive)
[sound:clip_127.mp3]<br>じゃあヨナちゃんは	Then Yona...<br><br><b>Vocabulary:</b><br>• じゃあ (じゃあ) - then, well
[sound:clip_128.mp3]<br>まさか自分の薬を買うために探しに行かなきゃ	Don't tell me she went to find it to buy her own medicine... I have to go look for her!<br><br><b>Vocabulary:</b><br>• まさか (まさか) - don't tell me, no way<br>• 自分 (じぶん) - oneself<br>• 薬 (くすり) - medicine<br>• 買う (かう) - to buy<br>• ため (ため) - for the purpose of<br>• 探す (さがす) - to search for, to look for<br>• 探しに行く (さがしにいく) - to go look for<br>• ～なきゃ (なきゃ) - must, have to
[sound:clip_129.mp3]<br>石の神殿は / 東門から行くしかないわ	To get to the Shrine / you can only go through the Eastern Gate.<br><br><b>Vocabulary:</b><br>• 石の神殿 (いしのしんでん) - Stone Shrine<br>• 東門 (ひがしもん) - Eastern Gate<br>• 行く (いく) - to go<br>• しかない (しかない) - no choice but to, only<br><br><b>Grammar:</b><br>～しかない means 'there's no choice but to', 'can only'
[sound:clip_130.mp3]<br>ありがとう	Thank you!<br><br><b>Vocabulary:</b><br>• ありがとう (ありがとう) - thank you
[sound:clip_131.mp3]<br>ヨナ東門に行ってみよう	Yona... Let me try the Eastern Gate.<br><br><b>Vocabulary:</b><br>• 東門 (ひがしもん) - Eastern Gate<br>• 行く (いく) - to go<br>• ～てみる (てみる) - to try doing<br>• ～よう (よう) - let's, I'll
[sound:clip_132.mp3]<br>あれは	That's...<br><br><b>Vocabulary:</b><br>• あれ (あれ) - that (over there)
[sound:clip_133.mp3]<br>ヨナまさか本当に石の神殿に行ったんじゃ	Yona... don't tell me she really went to the Shrine...<br><br><b>Vocabulary:</b><br>• まさか (まさか) - don't tell me, no way<br>• 本当に (ほんとうに) - really<br>• 石の神殿 (いしのしんでん) - Stone Shrine<br>• 行く (いく) - to go<br><br><b>Grammar:</b><br>～んじゃ is short for ～のではないか (wondering/fearing that something is the case)
